<annotation>
	<folder>images</folder>
	<filename>_92.jpg</filename>
	<path>C:\scripts\OpenCV_AI_Competetion\TensorFlow\addons\images\_92.jpg</path>
	<source>
		<database>Unknown</database>
	</source>
	<size>
		<width>300</width>
		<height>300</height>
		<depth>3</depth>
	</size>
	<segmented>0</segmented>
	<object>
		<name>red</name>
		<pose>Unspecified</pose>
		<truncated>0</truncated>
		<difficult>0</difficult>
		<bndbox>
			<xmin>18</xmin>
			<ymin>107</ymin>
			<xmax>64</xmax>
			<ymax>154</ymax>
		</bndbox>
	</object>
	<object>
		<name>red</name>
		<pose>Unspecified</pose>
		<truncated>0</truncated>
		<difficult>0</difficult>
		<bndbox>
			<xmin>199</xmin>
			<ymin>15</ymin>
			<xmax>236</xmax>
			<ymax>56</ymax>
		</bndbox>
	</object>
	<object>
		<name>red</name>
		<pose>Unspecified</pose>
		<truncated>1</truncated>
		<difficult>0</difficult>
		<bndbox>
			<xmin>277</xmin>
			<ymin>211</ymin>
			<xmax>300</xmax>
			<ymax>251</ymax>
		</bndbox>
	</object>
	<object>
		<name>grey</name>
		<pose>Unspecified</pose>
		<truncated>0</truncated>
		<difficult>0</difficult>
		<bndbox>
			<xmin>219</xmin>
			<ymin>171</ymin>
			<xmax>252</xmax>
			<ymax>210</ymax>
		</bndbox>
	</object>
	<object>
		<name>grey</name>
		<pose>Unspecified</pose>
		<truncated>0</truncated>
		<difficult>0</difficult>
		<bndbox>
			<xmin>86</xmin>
			<ymin>133</ymin>
			<xmax>127</xmax>
			<ymax>176</ymax>
		</bndbox>
	</object>
	<object>
		<name>grey</name>
		<pose>Unspecified</pose>
		<truncated>0</truncated>
		<difficult>0</difficult>
		<bndbox>
			<xmin>45</xmin>
			<ymin>179</ymin>
			<xmax>87</xmax>
			<ymax>224</ymax>
		</bndbox>
	</object>
	<object>
		<name>grey</name>
		<pose>Unspecified</pose>
		<truncated>0</truncated>
		<difficult>0</difficult>
		<bndbox>
			<xmin>76</xmin>
			<ymin>50</ymin>
			<xmax>115</xmax>
			<ymax>91</ymax>
		</bndbox>
	</object>
	<object>
		<name>red</name>
		<pose>Unspecified</pose>
		<truncated>1</truncated>
		<difficult>0</difficult>
		<bndbox>
			<xmin>94</xmin>
			<ymin>1</ymin>
			<xmax>137</xmax>
			<ymax>36</ymax>
		</bndbox>
	</object>
	<object>
		<name>blue</name>
		<pose>Unspecified</pose>
		<truncated>1</truncated>
		<difficult>0</difficult>
		<bndbox>
			<xmin>5</xmin>
			<ymin>1</ymin>
			<xmax>58</xmax>
			<ymax>32</ymax>
		</bndbox>
	</object>
	<object>
		<name>blue</name>
		<pose>Unspecified</pose>
		<truncated>0</truncated>
		<difficult>0</difficult>
		<bndbox>
			<xmin>166</xmin>
			<ymin>86</ymin>
			<xmax>199</xmax>
			<ymax>129</ymax>
		</bndbox>
	</object>
	<object>
		<name>blue</name>
		<pose>Unspecified</pose>
		<truncated>0</truncated>
		<difficult>0</difficult>
		<bndbox>
			<xmin>161</xmin>
			<ymin>187</ymin>
			<xmax>194</xmax>
			<ymax>226</ymax>
		</bndbox>
	</object>
</annotation>
