<annotation>
	<folder>train</folder>
	<filename>cap_20.jpg</filename>
	<path>C:\scripts\OpenCV_AI_Competetion\TensorFlow\addons\images\train\cap_20.jpg</path>
	<source>
		<database>Unknown</database>
	</source>
	<size>
		<width>300</width>
		<height>300</height>
		<depth>3</depth>
	</size>
	<segmented>0</segmented>
	<object>
		<name>grey</name>
		<pose>Unspecified</pose>
		<truncated>0</truncated>
		<difficult>0</difficult>
		<bndbox>
			<xmin>138</xmin>
			<ymin>103</ymin>
			<xmax>198</xmax>
			<ymax>114</ymax>
		</bndbox>
	</object>
</annotation>
