<annotation>
	<folder>train</folder>
	<filename>capture_5.jpg</filename>
	<path>C:\scripts\OpenCV_AI_Competetion\TensorFlow\addons\images\train\capture_5.jpg</path>
	<source>
		<database>Unknown</database>
	</source>
	<size>
		<width>300</width>
		<height>300</height>
		<depth>3</depth>
	</size>
	<segmented>0</segmented>
	<object>
		<name>red</name>
		<pose>Unspecified</pose>
		<truncated>0</truncated>
		<difficult>0</difficult>
		<bndbox>
			<xmin>68</xmin>
			<ymin>82</ymin>
			<xmax>150</xmax>
			<ymax>104</ymax>
		</bndbox>
	</object>
	<object>
		<name>blue</name>
		<pose>Unspecified</pose>
		<truncated>0</truncated>
		<difficult>0</difficult>
		<bndbox>
			<xmin>185</xmin>
			<ymin>84</ymin>
			<xmax>267</xmax>
			<ymax>97</ymax>
		</bndbox>
	</object>
	<object>
		<name>blue</name>
		<pose>Unspecified</pose>
		<truncated>0</truncated>
		<difficult>0</difficult>
		<bndbox>
			<xmin>182</xmin>
			<ymin>82</ymin>
			<xmax>271</xmax>
			<ymax>105</ymax>
		</bndbox>
	</object>
</annotation>
