<annotation>
	<folder>train</folder>
	<filename>cap_11.jpg</filename>
	<path>C:\scripts\OpenCV_AI_Competetion\TensorFlow\addons\images\train\cap_11.jpg</path>
	<source>
		<database>Unknown</database>
	</source>
	<size>
		<width>300</width>
		<height>300</height>
		<depth>3</depth>
	</size>
	<segmented>0</segmented>
	<object>
		<name>blue</name>
		<pose>Unspecified</pose>
		<truncated>0</truncated>
		<difficult>0</difficult>
		<bndbox>
			<xmin>97</xmin>
			<ymin>71</ymin>
			<xmax>214</xmax>
			<ymax>95</ymax>
		</bndbox>
	</object>
	<object>
		<name>blue</name>
		<pose>Unspecified</pose>
		<truncated>0</truncated>
		<difficult>0</difficult>
		<bndbox>
			<xmin>97</xmin>
			<ymin>99</ymin>
			<xmax>215</xmax>
			<ymax>123</ymax>
		</bndbox>
	</object>
</annotation>
