<annotation>
	<folder>train</folder>
	<filename>cap_7.jpg</filename>
	<path>C:\scripts\OpenCV_AI_Competetion\TensorFlow\addons\images\train\cap_7.jpg</path>
	<source>
		<database>Unknown</database>
	</source>
	<size>
		<width>300</width>
		<height>300</height>
		<depth>3</depth>
	</size>
	<segmented>0</segmented>
	<object>
		<name>red</name>
		<pose>Unspecified</pose>
		<truncated>0</truncated>
		<difficult>0</difficult>
		<bndbox>
			<xmin>184</xmin>
			<ymin>109</ymin>
			<xmax>232</xmax>
			<ymax>120</ymax>
		</bndbox>
	</object>
	<object>
		<name>red</name>
		<pose>Unspecified</pose>
		<truncated>0</truncated>
		<difficult>0</difficult>
		<bndbox>
			<xmin>184</xmin>
			<ymin>120</ymin>
			<xmax>233</xmax>
			<ymax>130</ymax>
		</bndbox>
	</object>
	<object>
		<name>red</name>
		<pose>Unspecified</pose>
		<truncated>0</truncated>
		<difficult>0</difficult>
		<bndbox>
			<xmin>183</xmin>
			<ymin>130</ymin>
			<xmax>232</xmax>
			<ymax>139</ymax>
		</bndbox>
	</object>
	<object>
		<name>blue</name>
		<pose>Unspecified</pose>
		<truncated>0</truncated>
		<difficult>0</difficult>
		<bndbox>
			<xmin>183</xmin>
			<ymin>141</ymin>
			<xmax>232</xmax>
			<ymax>147</ymax>
		</bndbox>
	</object>
	<object>
		<name>grey</name>
		<pose>Unspecified</pose>
		<truncated>0</truncated>
		<difficult>0</difficult>
		<bndbox>
			<xmin>184</xmin>
			<ymin>159</ymin>
			<xmax>226</xmax>
			<ymax>173</ymax>
		</bndbox>
	</object>
</annotation>
