<annotation>
	<folder>train</folder>
	<filename>cap_29.jpg</filename>
	<path>C:\scripts\OpenCV_AI_Competetion\TensorFlow\addons\images\train\cap_29.jpg</path>
	<source>
		<database>Unknown</database>
	</source>
	<size>
		<width>300</width>
		<height>300</height>
		<depth>3</depth>
	</size>
	<segmented>0</segmented>
	<object>
		<name>grey</name>
		<pose>Unspecified</pose>
		<truncated>0</truncated>
		<difficult>0</difficult>
		<bndbox>
			<xmin>123</xmin>
			<ymin>61</ymin>
			<xmax>232</xmax>
			<ymax>85</ymax>
		</bndbox>
	</object>
	<object>
		<name>grey</name>
		<pose>Unspecified</pose>
		<truncated>0</truncated>
		<difficult>0</difficult>
		<bndbox>
			<xmin>124</xmin>
			<ymin>87</ymin>
			<xmax>232</xmax>
			<ymax>106</ymax>
		</bndbox>
	</object>
	<object>
		<name>grey</name>
		<pose>Unspecified</pose>
		<truncated>0</truncated>
		<difficult>0</difficult>
		<bndbox>
			<xmin>124</xmin>
			<ymin>108</ymin>
			<xmax>232</xmax>
			<ymax>132</ymax>
		</bndbox>
	</object>
</annotation>
